epoch,accuracy,loss,precision,recall,val_accuracy,val_loss,val_precision,val_recall
0,0.9941569566726685,0.016513720154762268,0.9946767687797546,0.9964833855628967,0.9943273663520813,0.02400396205484867,0.9953243732452393,0.9958093762397766
1,0.9988007545471191,0.00396776245906949,0.998918354511261,0.999265730381012,0.9965091347694397,0.02511780709028244,0.9965936541557312,0.9979534149169922
2,0.9992345571517944,0.0028411452658474445,0.9993045926094055,0.9995362758636475,0.9883431196212769,0.05343632027506828,0.9963539838790894,0.985381543636322
3,0.9995152354240417,0.002217658795416355,0.9996135830879211,0.9996522068977356,0.995449423789978,0.01832328736782074,0.9960078001022339,0.996881365776062
4,0.9991835355758667,0.00300710741430521,0.9993045330047607,0.9994589686393738,0.9872834086418152,0.0864657461643219,0.9945903420448303,0.9854789972305298
5,0.9997193217277527,0.0008333800360560417,0.9998067617416382,0.9997681379318237,0.9823588132858276,0.1500757932662964,0.9953336119651794,0.9770002961158752
